category,package_path,source_path,size_bytes
data,data/data_split_manifest_ct488.csv,/root/autodl-fs/lyy/data_split_manifest_ct488.csv,42559
data,data/data_split_manifest.csv,/root/autodl-fs/lyy/data_split_manifest.csv,47196
data,data/ehr_ct_id_mapping.csv,/root/autodl-fs/lyy/ehr_ct_id_mapping.csv,46903
data,data/table1.xlsx,/root/autodl-fs/lyy/table1.xlsx,6188
src,src/train_tasks_autogluon_ct488_v2.py,/root/autodl-fs/lyy/train_tasks_autogluon_ct488_v2.py,14697
src,src/make_task01_task02_ct488_predictions_and_rocs.py,/root/autodl-fs/lyy/make_task01_task02_ct488_predictions_and_rocs.py,8837
src,src/recompute_autogluon_metrics_ct488.py,/root/autodl-fs/lyy/recompute_autogluon_metrics_ct488.py,4979
src,src/plot_autogluon_rocs_task01_task02.py,/root/autodl-fs/lyy/plot_autogluon_rocs_task01_task02.py,7432
src,src/plot_roc_task03_ct_only.py,/root/autodl-fs/lyy/plot_roc_task03_ct_only.py,11315
src,src/make_all_models_score_tables.py,/root/autodl-fs/lyy/make_all_models_score_tables.py,3132
src,src/preprocess_taoyuan_external.py,/root/autodl-fs/lyy/preprocess_taoyuan_external.py,14887
src,src/preprocess_xiangya_external.py,/root/autodl-fs/lyy/preprocess_xiangya_external.py,14217
src,src/run_task4_mlp_firstct_filtered_eval.py,/root/autodl-fs/lyy/run_task4_mlp_firstct_filtered_eval.py,11594
src,src/run_task4_mlp_feature_tta.py,/root/autodl-fs/lyy/run_task4_mlp_feature_tta.py,8507
src,src/run_task4_mlp_more_tta.py,/root/autodl-fs/lyy/run_task4_mlp_more_tta.py,10749
src,src/run_task4_mlp_tent_cotta.py,/root/autodl-fs/lyy/run_task4_mlp_tent_cotta.py,9749
src,src/run_task4_mlp_domain_adaptation.py,/root/autodl-fs/lyy/run_task4_mlp_domain_adaptation.py,10340
src,src/run_center_specific_adaptation_cv.py,/root/autodl-fs/lyy/run_center_specific_adaptation_cv.py,9245
src,src/run_taoyuan_specific_boost.py,/root/autodl-fs/lyy/run_taoyuan_specific_boost.py,7473
src,src/create_final_center_weighted_result.py,/root/autodl-fs/lyy/create_final_center_weighted_result.py,4199
src,src/make_external_validation_summary_center_optimized.py,/root/autodl-fs/lyy/make_external_validation_summary_center_optimized.py,19047
src,src/task4_ehr_ct/train_task4_ehr_ct.py,/root/autodl-fs/lyy/task4_ehr_ct/train_task4_ehr_ct.py,11091
src,src/task4_ehr_ct/metrics_logreg.json,/root/autodl-fs/lyy/task4_ehr_ct/metrics_logreg.json,1168
src,src/task4_ehr_ct/train_task4_ehr_ct_gbdt.py,/root/autodl-fs/lyy/task4_ehr_ct/train_task4_ehr_ct_gbdt.py,10208
src,src/task4_ehr_ct/metrics_catboost.json,/root/autodl-fs/lyy/task4_ehr_ct/metrics_catboost.json,513
src,src/task4_ehr_ct/test_pred_catboost.csv,/root/autodl-fs/lyy/task4_ehr_ct/test_pred_catboost.csv,2029
src,src/task4_ehr_ct/metrics_lightgbm.json,/root/autodl-fs/lyy/task4_ehr_ct/metrics_lightgbm.json,512
src,src/task4_ehr_ct/test_pred_lightgbm.csv,/root/autodl-fs/lyy/task4_ehr_ct/test_pred_lightgbm.csv,2003
src,src/task4_ehr_ct/metrics_xgboost.json,/root/autodl-fs/lyy/task4_ehr_ct/metrics_xgboost.json,512
src,src/task4_ehr_ct/test_pred_xgboost.csv,/root/autodl-fs/lyy/task4_ehr_ct/test_pred_xgboost.csv,1403
src,src/task4_ehr_ct/stack_val_meta.py,/root/autodl-fs/lyy/task4_ehr_ct/stack_val_meta.py,2454
src,src/task4_ehr_ct/metrics_mean_ensemble.json,/root/autodl-fs/lyy/task4_ehr_ct/metrics_mean_ensemble.json,325
src,src/task4_ehr_ct/val_pred_logreg.csv,/root/autodl-fs/lyy/task4_ehr_ct/val_pred_logreg.csv,2058
src,src/task4_ehr_ct/test_pred_logreg.csv,/root/autodl-fs/lyy/task4_ehr_ct/test_pred_logreg.csv,2015
src,src/task4_ehr_ct/build_metrics_table.py,/root/autodl-fs/lyy/task4_ehr_ct/build_metrics_table.py,5234
src,src/task4_ehr_ct/task4_model_metrics_table.csv,/root/autodl-fs/lyy/task4_ehr_ct/task4_model_metrics_table.csv,1080
src,src/task4_ehr_ct/task4_model_metrics_table.xlsx,/root/autodl-fs/lyy/task4_ehr_ct/task4_model_metrics_table.xlsx,5780
src,src/task4_ehr_ct/train_task4_ehr_ct_mlp.py,/root/autodl-fs/lyy/task4_ehr_ct/train_task4_ehr_ct_mlp.py,10819
src,src/task4_ehr_ct/metrics_mlp.json,/root/autodl-fs/lyy/task4_ehr_ct/metrics_mlp.json,370
src,src/task4_ehr_ct/val_pred_mlp.csv,/root/autodl-fs/lyy/task4_ehr_ct/val_pred_mlp.csv,1404
src,src/task4_ehr_ct/test_pred_mlp.csv,/root/autodl-fs/lyy/task4_ehr_ct/test_pred_mlp.csv,1391
src,src/task4_end2end_film/model.py,/root/autodl-fs/lyy/task4_end2end_film/model.py,1653
src,src/task4_end2end_film/train_end2end_resnet_film.py,/root/autodl-fs/lyy/task4_end2end_film/train_end2end_resnet_film.py,11791
src,src/task4_end2end_film/metrics.json,/root/autodl-fs/lyy/task4_end2end_film/metrics.json,274
src,src/task4_end2end_film/test_pred.csv,/root/autodl-fs/lyy/task4_end2end_film/test_pred.csv,1387
src,src/task4_end2end_film/app_streamlit.py,/root/autodl-fs/lyy/task4_end2end_film/app_streamlit.py,14158
src,src/task4_end2end_film/README.md,/root/autodl-fs/lyy/task4_end2end_film/README.md,1006
task1,results/task1_ehr/leaderboard_full.csv,/root/autodl-fs/lyy/unified_runs_v2/text_ehr/leaderboard_full.csv,23594
task1,results/task1_ehr/leaderboard_val.csv,/root/autodl-fs/lyy/unified_runs_v2/text_ehr/leaderboard_val.csv,10793
task1,results/task1_ehr/leaderboard_test.csv,/root/autodl-fs/lyy/unified_runs_v2/text_ehr/leaderboard_test.csv,10938
task1,results/task1_ehr/ct488_preds_val.csv,/root/autodl-fs/lyy/unified_runs_v2/text_ehr/ct488_preds_val.csv,251569
task1,results/task1_ehr/ct488_preds_test.csv,/root/autodl-fs/lyy/unified_runs_v2/text_ehr/ct488_preds_test.csv,247693
task1,results/task1_ehr/metrics.json,/root/autodl-fs/lyy/unified_runs_v2/text_ehr/metrics.json,660
task1,results/task1_ehr/roc_test.png,/root/autodl-fs/lyy/unified_runs_v2/text_ehr/roc_test.png,163121
task1,results/task1_ehr/roc_val.png,/root/autodl-fs/lyy/unified_runs_v2/text_ehr/roc_val.png,164015
task1,results/task1_ehr/all_models_scores.csv,/root/autodl-fs/lyy/unified_runs_v2/text_ehr/all_models_scores.csv,26114
task2,results/task2_ehr_ct_report/leaderboard_full.csv,/root/autodl-fs/lyy/unified_runs_v2/text_ehr_plus_ct_report_vec/leaderboard_full.csv,4910
task2,results/task2_ehr_ct_report/leaderboard_val.csv,/root/autodl-fs/lyy/unified_runs_v2/text_ehr_plus_ct_report_vec/leaderboard_val.csv,2185
task2,results/task2_ehr_ct_report/leaderboard_test.csv,/root/autodl-fs/lyy/unified_runs_v2/text_ehr_plus_ct_report_vec/leaderboard_test.csv,2215
task2,results/task2_ehr_ct_report/ct488_preds_val.csv,/root/autodl-fs/lyy/unified_runs_v2/text_ehr_plus_ct_report_vec/ct488_preds_val.csv,52471
task2,results/task2_ehr_ct_report/ct488_preds_test.csv,/root/autodl-fs/lyy/unified_runs_v2/text_ehr_plus_ct_report_vec/ct488_preds_test.csv,51731
task2,results/task2_ehr_ct_report/metrics.json,/root/autodl-fs/lyy/unified_runs_v2/text_ehr_plus_ct_report_vec/metrics.json,707
task2,results/task2_ehr_ct_report/roc_test.png,/root/autodl-fs/lyy/unified_runs_v2/text_ehr_plus_ct_report_vec/roc_test.png,157170
task2,results/task2_ehr_ct_report/roc_val.png,/root/autodl-fs/lyy/unified_runs_v2/text_ehr_plus_ct_report_vec/roc_val.png,159032
task2,results/task2_ehr_ct_report/all_models_scores.csv,/root/autodl-fs/lyy/unified_runs_v2/text_ehr_plus_ct_report_vec/all_models_scores.csv,5396
task3,results/task3_ct/ct_only_preds_val.csv,/root/autodl-fs/lyy/unified_runs_v2/ct/ct_only_preds_val.csv,3862
task3,results/task3_ct/ct_only_preds_test.csv,/root/autodl-fs/lyy/unified_runs_v2/ct/ct_only_preds_test.csv,3784
task3,results/task3_ct/roc_task03_ct_only_val.png,/root/autodl-fs/lyy/unified_runs_v2/ct/roc_task03_ct_only_val.png,122107
task3,results/task3_ct/roc_task03_ct_only_test.png,/root/autodl-fs/lyy/unified_runs_v2/ct/roc_task03_ct_only_test.png,126255
task3,results/task3_ct/metrics.json,/root/autodl-fs/lyy/unified_runs_v2/ct/metrics.json,1276
compare,results/task1_task3_comparison/model_color_map.csv,/root/autodl-fs/lyy/unified_runs_v2/compare/model_color_map.csv,5891
compare,results/task1_task3_comparison/roc_task01_task02_val.png,/root/autodl-fs/lyy/unified_runs_v2/compare/roc_task01_task02_val.png,268582
compare,results/task1_task3_comparison/roc_task01_task02_test.png,/root/autodl-fs/lyy/unified_runs_v2/compare/roc_task01_task02_test.png,265980
compare,results/task1_task3_comparison/summary.json,/root/autodl-fs/lyy/unified_runs_v2/compare/summary.json,1550
compare,results/task1_task3_comparison/all_models_scores_wide.csv,/root/autodl-fs/lyy/unified_runs_v2/compare/all_models_scores_wide.csv,20016
task4,results/task4_multimodal/train_task4_ehr_ct.py,/root/autodl-fs/lyy/task4_ehr_ct/train_task4_ehr_ct.py,11091
task4,results/task4_multimodal/metrics_logreg.json,/root/autodl-fs/lyy/task4_ehr_ct/metrics_logreg.json,1168
task4,results/task4_multimodal/train_task4_ehr_ct_gbdt.py,/root/autodl-fs/lyy/task4_ehr_ct/train_task4_ehr_ct_gbdt.py,10208
task4,results/task4_multimodal/metrics_catboost.json,/root/autodl-fs/lyy/task4_ehr_ct/metrics_catboost.json,513
task4,results/task4_multimodal/test_pred_catboost.csv,/root/autodl-fs/lyy/task4_ehr_ct/test_pred_catboost.csv,2029
task4,results/task4_multimodal/metrics_lightgbm.json,/root/autodl-fs/lyy/task4_ehr_ct/metrics_lightgbm.json,512
task4,results/task4_multimodal/test_pred_lightgbm.csv,/root/autodl-fs/lyy/task4_ehr_ct/test_pred_lightgbm.csv,2003
task4,results/task4_multimodal/metrics_xgboost.json,/root/autodl-fs/lyy/task4_ehr_ct/metrics_xgboost.json,512
task4,results/task4_multimodal/test_pred_xgboost.csv,/root/autodl-fs/lyy/task4_ehr_ct/test_pred_xgboost.csv,1403
task4,results/task4_multimodal/stack_val_meta.py,/root/autodl-fs/lyy/task4_ehr_ct/stack_val_meta.py,2454
task4,results/task4_multimodal/metrics_mean_ensemble.json,/root/autodl-fs/lyy/task4_ehr_ct/metrics_mean_ensemble.json,325
task4,results/task4_multimodal/val_pred_logreg.csv,/root/autodl-fs/lyy/task4_ehr_ct/val_pred_logreg.csv,2058
task4,results/task4_multimodal/test_pred_logreg.csv,/root/autodl-fs/lyy/task4_ehr_ct/test_pred_logreg.csv,2015
task4,results/task4_multimodal/build_metrics_table.py,/root/autodl-fs/lyy/task4_ehr_ct/build_metrics_table.py,5234
task4,results/task4_multimodal/task4_model_metrics_table.csv,/root/autodl-fs/lyy/task4_ehr_ct/task4_model_metrics_table.csv,1080
task4,results/task4_multimodal/task4_model_metrics_table.xlsx,/root/autodl-fs/lyy/task4_ehr_ct/task4_model_metrics_table.xlsx,5780
task4,results/task4_multimodal/train_task4_ehr_ct_mlp.py,/root/autodl-fs/lyy/task4_ehr_ct/train_task4_ehr_ct_mlp.py,10819
task4,results/task4_multimodal/metrics_mlp.json,/root/autodl-fs/lyy/task4_ehr_ct/metrics_mlp.json,370
task4,results/task4_multimodal/val_pred_mlp.csv,/root/autodl-fs/lyy/task4_ehr_ct/val_pred_mlp.csv,1404
task4,results/task4_multimodal/test_pred_mlp.csv,/root/autodl-fs/lyy/task4_ehr_ct/test_pred_mlp.csv,1391
frozen_metrics,results/frozen_model_metrics/task_01_text_ehr_metrics.json,/root/autodl-fs/lyy/frozen_models/task_01_text_ehr_metrics.json,760
frozen_metrics,results/frozen_model_metrics/task_02_text_cttext_metrics.json,/root/autodl-fs/lyy/frozen_models/task_02_text_cttext_metrics.json,775
frozen_metrics,results/frozen_model_metrics/task_03_pure_ct_metrics.json,/root/autodl-fs/lyy/frozen_models/task_03_pure_ct_metrics.json,154
frozen_metrics,results/frozen_model_metrics/task_04_multimodal_mlp_metrics.json,/root/autodl-fs/lyy/frozen_models/task_04_multimodal_mlp_metrics.json,261
frozen_metrics,results/frozen_model_metrics/MODEL_PATHS.txt,/root/autodl-fs/lyy/frozen_models/MODEL_PATHS.txt,5045
figures,figures/task1_task3/compare/model_color_map.csv,/root/autodl-fs/lyy/unified_runs_v2/compare/model_color_map.csv,5891
figures,figures/task1_task3/compare/roc_task01_task02_val.png,/root/autodl-fs/lyy/unified_runs_v2/compare/roc_task01_task02_val.png,268582
figures,figures/task1_task3/compare/roc_task01_task02_test.png,/root/autodl-fs/lyy/unified_runs_v2/compare/roc_task01_task02_test.png,265980
figures,figures/task1_task3/compare/all_models_scores_wide.csv,/root/autodl-fs/lyy/unified_runs_v2/compare/all_models_scores_wide.csv,20016
figures,figures/task1_task3/task1_ehr/leaderboard_full.csv,/root/autodl-fs/lyy/unified_runs_v2/text_ehr/leaderboard_full.csv,23594
figures,figures/task1_task3/task1_ehr/leaderboard_val.csv,/root/autodl-fs/lyy/unified_runs_v2/text_ehr/leaderboard_val.csv,10793
figures,figures/task1_task3/task1_ehr/leaderboard_test.csv,/root/autodl-fs/lyy/unified_runs_v2/text_ehr/leaderboard_test.csv,10938
figures,figures/task1_task3/task1_ehr/ct488_preds_val.csv,/root/autodl-fs/lyy/unified_runs_v2/text_ehr/ct488_preds_val.csv,251569
figures,figures/task1_task3/task1_ehr/ct488_preds_test.csv,/root/autodl-fs/lyy/unified_runs_v2/text_ehr/ct488_preds_test.csv,247693
figures,figures/task1_task3/task1_ehr/roc_test.png,/root/autodl-fs/lyy/unified_runs_v2/text_ehr/roc_test.png,163121
figures,figures/task1_task3/task1_ehr/roc_val.png,/root/autodl-fs/lyy/unified_runs_v2/text_ehr/roc_val.png,164015
figures,figures/task1_task3/task1_ehr/all_models_scores.csv,/root/autodl-fs/lyy/unified_runs_v2/text_ehr/all_models_scores.csv,26114
figures,figures/task1_task3/task2_ehr_ct_report/leaderboard_full.csv,/root/autodl-fs/lyy/unified_runs_v2/text_ehr_plus_ct_report_vec/leaderboard_full.csv,4910
figures,figures/task1_task3/task2_ehr_ct_report/leaderboard_val.csv,/root/autodl-fs/lyy/unified_runs_v2/text_ehr_plus_ct_report_vec/leaderboard_val.csv,2185
figures,figures/task1_task3/task2_ehr_ct_report/leaderboard_test.csv,/root/autodl-fs/lyy/unified_runs_v2/text_ehr_plus_ct_report_vec/leaderboard_test.csv,2215
figures,figures/task1_task3/task2_ehr_ct_report/ct488_preds_val.csv,/root/autodl-fs/lyy/unified_runs_v2/text_ehr_plus_ct_report_vec/ct488_preds_val.csv,52471
figures,figures/task1_task3/task2_ehr_ct_report/ct488_preds_test.csv,/root/autodl-fs/lyy/unified_runs_v2/text_ehr_plus_ct_report_vec/ct488_preds_test.csv,51731
figures,figures/task1_task3/task2_ehr_ct_report/roc_test.png,/root/autodl-fs/lyy/unified_runs_v2/text_ehr_plus_ct_report_vec/roc_test.png,157170
figures,figures/task1_task3/task2_ehr_ct_report/roc_val.png,/root/autodl-fs/lyy/unified_runs_v2/text_ehr_plus_ct_report_vec/roc_val.png,159032
figures,figures/task1_task3/task2_ehr_ct_report/all_models_scores.csv,/root/autodl-fs/lyy/unified_runs_v2/text_ehr_plus_ct_report_vec/all_models_scores.csv,5396
figures,figures/task1_task3/task3_ct/ct_only_preds_val.csv,/root/autodl-fs/lyy/unified_runs_v2/ct/ct_only_preds_val.csv,3862
figures,figures/task1_task3/task3_ct/ct_only_preds_test.csv,/root/autodl-fs/lyy/unified_runs_v2/ct/ct_only_preds_test.csv,3784
figures,figures/task1_task3/task3_ct/roc_task03_ct_only_val.png,/root/autodl-fs/lyy/unified_runs_v2/ct/roc_task03_ct_only_val.png,122107
figures,figures/task1_task3/task3_ct/roc_task03_ct_only_test.png,/root/autodl-fs/lyy/unified_runs_v2/ct/roc_task03_ct_only_test.png,126255
figures,figures/task4_internal/selected6_metrics_source_data.csv,/root/autodl-fs/lyy/paper_task4_internal_section/figures_selected6/selected6_metrics_source_data.csv,1112
figures,figures/task4_internal/selected6_curve_source_data.csv,/root/autodl-fs/lyy/paper_task4_internal_section/figures_selected6/selected6_curve_source_data.csv,28171
figures,figures/task4_internal/selected6_confusion_matrix_source_data.csv,/root/autodl-fs/lyy/paper_task4_internal_section/figures_selected6/selected6_confusion_matrix_source_data.csv,832
figures,figures/task4_internal/selected6_roc_curves.png,/root/autodl-fs/lyy/paper_task4_internal_section/figures_selected6/selected6_roc_curves.png,269904
figures,figures/task4_internal/selected6_roc_curves.pdf,/root/autodl-fs/lyy/paper_task4_internal_section/figures_selected6/selected6_roc_curves.pdf,13200
figures,figures/task4_internal/selected6_roc_curves.svg,/root/autodl-fs/lyy/paper_task4_internal_section/figures_selected6/selected6_roc_curves.svg,18077
figures,figures/task4_internal/selected6_pr_curves.png,/root/autodl-fs/lyy/paper_task4_internal_section/figures_selected6/selected6_pr_curves.png,296169
figures,figures/task4_internal/selected6_pr_curves.pdf,/root/autodl-fs/lyy/paper_task4_internal_section/figures_selected6/selected6_pr_curves.pdf,14219
figures,figures/task4_internal/selected6_pr_curves.svg,/root/autodl-fs/lyy/paper_task4_internal_section/figures_selected6/selected6_pr_curves.svg,24190
figures,figures/task4_internal/selected6_confusion_matrices.png,/root/autodl-fs/lyy/paper_task4_internal_section/figures_selected6/selected6_confusion_matrices.png,337043
figures,figures/task4_internal/selected6_confusion_matrices.pdf,/root/autodl-fs/lyy/paper_task4_internal_section/figures_selected6/selected6_confusion_matrices.pdf,19855
figures,figures/task4_internal/selected6_confusion_matrices.svg,/root/autodl-fs/lyy/paper_task4_internal_section/figures_selected6/selected6_confusion_matrices.svg,29687
figures,figures/task4_internal/selected6_metric_summary.png,/root/autodl-fs/lyy/paper_task4_internal_section/figures_selected6/selected6_metric_summary.png,429934
figures,figures/task4_internal/selected6_metric_summary.pdf,/root/autodl-fs/lyy/paper_task4_internal_section/figures_selected6/selected6_metric_summary.pdf,17310
figures,figures/task4_internal/selected6_metric_summary.svg,/root/autodl-fs/lyy/paper_task4_internal_section/figures_selected6/selected6_metric_summary.svg,20845
figures,figures/task4_internal/selected6_composite_performance.png,/root/autodl-fs/lyy/paper_task4_internal_section/figures_selected6/selected6_composite_performance.png,738253
figures,figures/task4_internal/selected6_composite_performance.pdf,/root/autodl-fs/lyy/paper_task4_internal_section/figures_selected6/selected6_composite_performance.pdf,28912
figures,figures/task4_internal/selected6_composite_performance.svg,/root/autodl-fs/lyy/paper_task4_internal_section/figures_selected6/selected6_composite_performance.svg,54874
figures,figures/task4_internal/selected6_metrics_table_for_copy.csv,/root/autodl-fs/lyy/paper_task4_internal_section/figures_selected6/selected6_metrics_table_for_copy.csv,993
figures,figures/task4_internal/.ipynb_checkpoints/selected6_composite_performance-checkpoint.pdf,/root/autodl-fs/lyy/paper_task4_internal_section/figures_selected6/.ipynb_checkpoints/selected6_composite_performance-checkpoint.pdf,28835
figures,figures/task4_internal/.ipynb_checkpoints/selected6_confusion_matrices-checkpoint.pdf,/root/autodl-fs/lyy/paper_task4_internal_section/figures_selected6/.ipynb_checkpoints/selected6_confusion_matrices-checkpoint.pdf,19731
figures,figures/task4_internal/.ipynb_checkpoints/selected6_metric_summary-checkpoint.pdf,/root/autodl-fs/lyy/paper_task4_internal_section/figures_selected6/.ipynb_checkpoints/selected6_metric_summary-checkpoint.pdf,17223
figures,figures/task4_internal/.ipynb_checkpoints/selected6_pr_curves-checkpoint.pdf,/root/autodl-fs/lyy/paper_task4_internal_section/figures_selected6/.ipynb_checkpoints/selected6_pr_curves-checkpoint.pdf,14732
figures,figures/task4_internal/.ipynb_checkpoints/selected6_roc_curves-checkpoint.pdf,/root/autodl-fs/lyy/paper_task4_internal_section/figures_selected6/.ipynb_checkpoints/selected6_roc_curves-checkpoint.pdf,13959
figures,figures/model_structure/adaptive_multimodal_model_structure.svg,/root/autodl-fs/lyy/paper_task4_internal_section/model_structure_figure/adaptive_multimodal_model_structure.svg,30974
figures,figures/model_structure/adaptive_multimodal_model_structure.pdf,/root/autodl-fs/lyy/paper_task4_internal_section/model_structure_figure/adaptive_multimodal_model_structure.pdf,32790
figures,figures/model_structure/adaptive_multimodal_model_structure.png,/root/autodl-fs/lyy/paper_task4_internal_section/model_structure_figure/adaptive_multimodal_model_structure.png,804885
figures,figures/model_structure/adaptive_multimodal_model_structure_v2.svg,/root/autodl-fs/lyy/paper_task4_internal_section/model_structure_figure/adaptive_multimodal_model_structure_v2.svg,31363
figures,figures/model_structure/adaptive_multimodal_model_structure_v2.pdf,/root/autodl-fs/lyy/paper_task4_internal_section/model_structure_figure/adaptive_multimodal_model_structure_v2.pdf,31917
figures,figures/model_structure/adaptive_multimodal_model_structure_v2.png,/root/autodl-fs/lyy/paper_task4_internal_section/model_structure_figure/adaptive_multimodal_model_structure_v2.png,756700
figures,figures/model_structure/adaptive_multimodal_model_structure_v3.svg,/root/autodl-fs/lyy/paper_task4_internal_section/model_structure_figure/adaptive_multimodal_model_structure_v3.svg,30756
figures,figures/model_structure/adaptive_multimodal_model_structure_v3.pdf,/root/autodl-fs/lyy/paper_task4_internal_section/model_structure_figure/adaptive_multimodal_model_structure_v3.pdf,32361
figures,figures/model_structure/adaptive_multimodal_model_structure_v3.png,/root/autodl-fs/lyy/paper_task4_internal_section/model_structure_figure/adaptive_multimodal_model_structure_v3.png,802534
figures,figures/model_structure/adaptive_multimodal_model_structure_v4.svg,/root/autodl-fs/lyy/paper_task4_internal_section/model_structure_figure/adaptive_multimodal_model_structure_v4.svg,59168
figures,figures/model_structure/adaptive_multimodal_model_structure_v4.pdf,/root/autodl-fs/lyy/paper_task4_internal_section/model_structure_figure/adaptive_multimodal_model_structure_v4.pdf,38116
figures,figures/model_structure/adaptive_multimodal_model_structure_v4.png,/root/autodl-fs/lyy/paper_task4_internal_section/model_structure_figure/adaptive_multimodal_model_structure_v4.png,995209
figures,figures/model_structure/adaptive_multimodal_model_structure_v5_rich.svg,/root/autodl-fs/lyy/paper_task4_internal_section/model_structure_figure/adaptive_multimodal_model_structure_v5_rich.svg,91318
figures,figures/model_structure/adaptive_multimodal_model_structure_v5_rich.pdf,/root/autodl-fs/lyy/paper_task4_internal_section/model_structure_figure/adaptive_multimodal_model_structure_v5_rich.pdf,47351
figures,figures/model_structure/adaptive_multimodal_model_structure_v5_rich.png,/root/autodl-fs/lyy/paper_task4_internal_section/model_structure_figure/adaptive_multimodal_model_structure_v5_rich.png,1150417
figures,figures/model_structure/adaptive_multimodal_model_structure_v6_rich_clean.svg,/root/autodl-fs/lyy/paper_task4_internal_section/model_structure_figure/adaptive_multimodal_model_structure_v6_rich_clean.svg,93855
figures,figures/model_structure/adaptive_multimodal_model_structure_v6_rich_clean.pdf,/root/autodl-fs/lyy/paper_task4_internal_section/model_structure_figure/adaptive_multimodal_model_structure_v6_rich_clean.pdf,47325
figures,figures/model_structure/adaptive_multimodal_model_structure_v6_rich_clean.png,/root/autodl-fs/lyy/paper_task4_internal_section/model_structure_figure/adaptive_multimodal_model_structure_v6_rich_clean.png,1147839
figures,figures/model_structure/adaptive_multimodal_model_structure_v7_rich_final.svg,/root/autodl-fs/lyy/paper_task4_internal_section/model_structure_figure/adaptive_multimodal_model_structure_v7_rich_final.svg,88175
figures,figures/model_structure/adaptive_multimodal_model_structure_v7_rich_final.pdf,/root/autodl-fs/lyy/paper_task4_internal_section/model_structure_figure/adaptive_multimodal_model_structure_v7_rich_final.pdf,44972
figures,figures/model_structure/adaptive_multimodal_model_structure_v7_rich_final.png,/root/autodl-fs/lyy/paper_task4_internal_section/model_structure_figure/adaptive_multimodal_model_structure_v7_rich_final.png,1079237
figures,figures/model_structure/adaptive_multimodal_model_structure_v8_rich_clean_final.svg,/root/autodl-fs/lyy/paper_task4_internal_section/model_structure_figure/adaptive_multimodal_model_structure_v8_rich_clean_final.svg,88956
figures,figures/model_structure/adaptive_multimodal_model_structure_v8_rich_clean_final.pdf,/root/autodl-fs/lyy/paper_task4_internal_section/model_structure_figure/adaptive_multimodal_model_structure_v8_rich_clean_final.pdf,45375
figures,figures/model_structure/adaptive_multimodal_model_structure_v8_rich_clean_final.png,/root/autodl-fs/lyy/paper_task4_internal_section/model_structure_figure/adaptive_multimodal_model_structure_v8_rich_clean_final.png,1075152
figures,figures/model_structure/adaptive_multimodal_freeform_v1.svg,/root/autodl-fs/lyy/paper_task4_internal_section/model_structure_figure/adaptive_multimodal_freeform_v1.svg,17557
figures,figures/model_structure/adaptive_multimodal_freeform_v1.png,/root/autodl-fs/lyy/paper_task4_internal_section/model_structure_figure/adaptive_multimodal_freeform_v1.png,714028
figures,figures/model_structure/adaptive_multimodal_freeform_v1.pdf,/root/autodl-fs/lyy/paper_task4_internal_section/model_structure_figure/adaptive_multimodal_freeform_v1.pdf,687610
figures,figures/model_structure/adaptive_multimodal_freeform_v2_techcore.svg,/root/autodl-fs/lyy/paper_task4_internal_section/model_structure_figure/adaptive_multimodal_freeform_v2_techcore.svg,18555
figures,figures/model_structure/adaptive_multimodal_freeform_v2_techcore.png,/root/autodl-fs/lyy/paper_task4_internal_section/model_structure_figure/adaptive_multimodal_freeform_v2_techcore.png,714484
figures,figures/model_structure/adaptive_multimodal_freeform_v2_techcore.pdf,/root/autodl-fs/lyy/paper_task4_internal_section/model_structure_figure/adaptive_multimodal_freeform_v2_techcore.pdf,687229
figures,figures/model_structure/adaptive_multimodal_freeform_v3_clean_arrows.svg,/root/autodl-fs/lyy/paper_task4_internal_section/model_structure_figure/adaptive_multimodal_freeform_v3_clean_arrows.svg,18637
figures,figures/model_structure/adaptive_multimodal_freeform_v3_clean_arrows.png,/root/autodl-fs/lyy/paper_task4_internal_section/model_structure_figure/adaptive_multimodal_freeform_v3_clean_arrows.png,703781
figures,figures/model_structure/adaptive_multimodal_freeform_v3_clean_arrows.pdf,/root/autodl-fs/lyy/paper_task4_internal_section/model_structure_figure/adaptive_multimodal_freeform_v3_clean_arrows.pdf,1593433
figures,figures/model_structure/adaptive_multimodal_freeform_v3_clean_arrows_fullpage.pdf,/root/autodl-fs/lyy/paper_task4_internal_section/model_structure_figure/adaptive_multimodal_freeform_v3_clean_arrows_fullpage.pdf,1596647
figures,figures/model_structure/adaptive_multimodal_freeform_v3_clean_arrows_fullpage_v2.pdf,/root/autodl-fs/lyy/paper_task4_internal_section/model_structure_figure/adaptive_multimodal_freeform_v3_clean_arrows_fullpage_v2.pdf,1593433
figures,figures/model_structure/.ipynb_checkpoints/adaptive_multimodal_model_structure_v2-checkpoint.pdf,/root/autodl-fs/lyy/paper_task4_internal_section/model_structure_figure/.ipynb_checkpoints/adaptive_multimodal_model_structure_v2-checkpoint.pdf,31917
figures,figures/model_structure/.ipynb_checkpoints/adaptive_multimodal_model_structure_v3-checkpoint.pdf,/root/autodl-fs/lyy/paper_task4_internal_section/model_structure_figure/.ipynb_checkpoints/adaptive_multimodal_model_structure_v3-checkpoint.pdf,32361
figures,figures/model_structure/.ipynb_checkpoints/adaptive_multimodal_model_structure-checkpoint.pdf,/root/autodl-fs/lyy/paper_task4_internal_section/model_structure_figure/.ipynb_checkpoints/adaptive_multimodal_model_structure-checkpoint.pdf,32790
figures,figures/external_validation/external_center_optimized_roc_pr_curves.png,/root/autodl-fs/lyy/paper_external_validation_section_center_optimized/figures/external_center_optimized_roc_pr_curves.png,394009
figures,figures/external_validation/external_center_optimized_roc_pr_curves.pdf,/root/autodl-fs/lyy/paper_external_validation_section_center_optimized/figures/external_center_optimized_roc_pr_curves.pdf,19906
figures,figures/external_validation/external_center_optimized_roc_pr_curves.svg,/root/autodl-fs/lyy/paper_external_validation_section_center_optimized/figures/external_center_optimized_roc_pr_curves.svg,32293
figures,figures/external_validation/external_center_optimized_metrics_confusion.png,/root/autodl-fs/lyy/paper_external_validation_section_center_optimized/figures/external_center_optimized_metrics_confusion.png,268810
figures,figures/external_validation/external_center_optimized_metrics_confusion.pdf,/root/autodl-fs/lyy/paper_external_validation_section_center_optimized/figures/external_center_optimized_metrics_confusion.pdf,21517
figures,figures/external_validation/external_center_optimized_metrics_confusion.svg,/root/autodl-fs/lyy/paper_external_validation_section_center_optimized/figures/external_center_optimized_metrics_confusion.svg,27369
figures,figures/external_validation/external_center_optimized_adaptation_comparison.png,/root/autodl-fs/lyy/paper_external_validation_section_center_optimized/figures/external_center_optimized_adaptation_comparison.png,410741
figures,figures/external_validation/external_center_optimized_adaptation_comparison.pdf,/root/autodl-fs/lyy/paper_external_validation_section_center_optimized/figures/external_center_optimized_adaptation_comparison.pdf,22196
figures,figures/external_validation/external_center_optimized_adaptation_comparison.svg,/root/autodl-fs/lyy/paper_external_validation_section_center_optimized/figures/external_center_optimized_adaptation_comparison.svg,21120
figures,figures/external_validation/external_center_optimized_probability_calibration.png,/root/autodl-fs/lyy/paper_external_validation_section_center_optimized/figures/external_center_optimized_probability_calibration.png,358090
figures,figures/external_validation/external_center_optimized_probability_calibration.pdf,/root/autodl-fs/lyy/paper_external_validation_section_center_optimized/figures/external_center_optimized_probability_calibration.pdf,19208
figures,figures/external_validation/external_center_optimized_probability_calibration.svg,/root/autodl-fs/lyy/paper_external_validation_section_center_optimized/figures/external_center_optimized_probability_calibration.svg,32507
external,results/external_validation/hospital_specific_final/taoyuan_specific_search_metrics.csv,/root/autodl-fs/lyy/external_taoyuan_specific_boost/taoyuan_specific_search_metrics.csv,17889513
external,results/external_validation/hospital_specific_final/taoyuan_specific_best_predictions.csv,/root/autodl-fs/lyy/external_taoyuan_specific_boost/taoyuan_specific_best_predictions.csv,6637
external,results/external_validation/hospital_specific_final/taoyuan_specific_best.json,/root/autodl-fs/lyy/external_taoyuan_specific_boost/taoyuan_specific_best.json,490
external,results/external_validation/hospital_specific_final/combined_with_final_xiangya_metrics.csv,/root/autodl-fs/lyy/external_taoyuan_specific_boost/combined_with_final_xiangya_metrics.csv,461
external,results/external_validation/hospital_specific_final/combined_with_final_xiangya_predictions.csv,/root/autodl-fs/lyy/external_taoyuan_specific_boost/combined_with_final_xiangya_predictions.csv,4873
external,results/external_validation/single_pooled_reference/final_predictions.csv,/root/autodl-fs/lyy/external_final_center_weighted_ehr_anchor_mlp_tta/final_predictions.csv,11422
external,results/external_validation/single_pooled_reference/final_metrics.json,/root/autodl-fs/lyy/external_final_center_weighted_ehr_anchor_mlp_tta/final_metrics.json,2789
external,results/external_validation/single_pooled_reference/final_compact_metrics.csv,/root/autodl-fs/lyy/external_final_center_weighted_ehr_anchor_mlp_tta/final_compact_metrics.csv,447
external,results/external_validation/paper_ready_tables/external_adaptation_method_comparison_by_center_for_copy.xlsx,/root/autodl-fs/lyy/paper_external_validation_section_center_optimized/external_adaptation_method_comparison_by_center_for_copy.xlsx,5442
external,results/external_validation/paper_ready_tables/external_final_center_optimized_metrics_for_copy.md,/root/autodl-fs/lyy/paper_external_validation_section_center_optimized/external_final_center_optimized_metrics_for_copy.md,565
external,results/external_validation/paper_ready_tables/external_final_center_optimized_metrics_for_copy.csv,/root/autodl-fs/lyy/paper_external_validation_section_center_optimized/external_final_center_optimized_metrics_for_copy.csv,330
external,results/external_validation/paper_ready_tables/external_adaptation_method_comparison_center_optimized_for_copy.md,/root/autodl-fs/lyy/paper_external_validation_section_center_optimized/external_adaptation_method_comparison_center_optimized_for_copy.md,919
external,results/external_validation/paper_ready_tables/external_adaptation_method_comparison_center_optimized_for_copy.xlsx,/root/autodl-fs/lyy/paper_external_validation_section_center_optimized/external_adaptation_method_comparison_center_optimized_for_copy.xlsx,5455
external,results/external_validation/paper_ready_tables/external_adaptation_method_comparison_by_center_for_copy.csv,/root/autodl-fs/lyy/paper_external_validation_section_center_optimized/external_adaptation_method_comparison_by_center_for_copy.csv,721
external,results/external_validation/paper_ready_tables/external_validation_center_optimized_results_text.md,/root/autodl-fs/lyy/paper_external_validation_section_center_optimized/external_validation_center_optimized_results_text.md,2821
external,results/external_validation/paper_ready_tables/external_adaptation_method_comparison_center_optimized_for_copy.csv,/root/autodl-fs/lyy/paper_external_validation_section_center_optimized/external_adaptation_method_comparison_center_optimized_for_copy.csv,705
external,results/external_validation/paper_ready_tables/external_final_center_optimized_metrics_for_copy.xlsx,/root/autodl-fs/lyy/paper_external_validation_section_center_optimized/external_final_center_optimized_metrics_for_copy.xlsx,5250
external,results/external_validation/paper_ready_tables/external_adaptation_method_comparison_by_center_for_copy.md,/root/autodl-fs/lyy/paper_external_validation_section_center_optimized/external_adaptation_method_comparison_by_center_for_copy.md,930
external,results/external_validation/paper_ready_tables/figures/external_center_optimized_roc_pr_curves.png,/root/autodl-fs/lyy/paper_external_validation_section_center_optimized/figures/external_center_optimized_roc_pr_curves.png,394009
external,results/external_validation/paper_ready_tables/figures/external_center_optimized_roc_pr_curves.pdf,/root/autodl-fs/lyy/paper_external_validation_section_center_optimized/figures/external_center_optimized_roc_pr_curves.pdf,19906
external,results/external_validation/paper_ready_tables/figures/external_center_optimized_roc_pr_curves.svg,/root/autodl-fs/lyy/paper_external_validation_section_center_optimized/figures/external_center_optimized_roc_pr_curves.svg,32293
external,results/external_validation/paper_ready_tables/figures/external_center_optimized_metrics_confusion.png,/root/autodl-fs/lyy/paper_external_validation_section_center_optimized/figures/external_center_optimized_metrics_confusion.png,268810
external,results/external_validation/paper_ready_tables/figures/external_center_optimized_metrics_confusion.pdf,/root/autodl-fs/lyy/paper_external_validation_section_center_optimized/figures/external_center_optimized_metrics_confusion.pdf,21517
external,results/external_validation/paper_ready_tables/figures/external_center_optimized_metrics_confusion.svg,/root/autodl-fs/lyy/paper_external_validation_section_center_optimized/figures/external_center_optimized_metrics_confusion.svg,27369
external,results/external_validation/paper_ready_tables/figures/external_center_optimized_adaptation_comparison.png,/root/autodl-fs/lyy/paper_external_validation_section_center_optimized/figures/external_center_optimized_adaptation_comparison.png,410741
external,results/external_validation/paper_ready_tables/figures/external_center_optimized_adaptation_comparison.pdf,/root/autodl-fs/lyy/paper_external_validation_section_center_optimized/figures/external_center_optimized_adaptation_comparison.pdf,22196
external,results/external_validation/paper_ready_tables/figures/external_center_optimized_adaptation_comparison.svg,/root/autodl-fs/lyy/paper_external_validation_section_center_optimized/figures/external_center_optimized_adaptation_comparison.svg,21120
external,results/external_validation/paper_ready_tables/figures/external_center_optimized_probability_calibration.png,/root/autodl-fs/lyy/paper_external_validation_section_center_optimized/figures/external_center_optimized_probability_calibration.png,358090
external,results/external_validation/paper_ready_tables/figures/external_center_optimized_probability_calibration.pdf,/root/autodl-fs/lyy/paper_external_validation_section_center_optimized/figures/external_center_optimized_probability_calibration.pdf,19208
external,results/external_validation/paper_ready_tables/figures/external_center_optimized_probability_calibration.svg,/root/autodl-fs/lyy/paper_external_validation_section_center_optimized/figures/external_center_optimized_probability_calibration.svg,32507
final_main_model,models/final_main_model/README.md,generated,541
final_main_model,models/final_main_model/task_04_multimodal_mlp_fusion.pt,/root/autodl-fs/lyy/frozen_models/task_04_multimodal_mlp_fusion.pt,5204933
final_main_model,models/final_main_model/task_04_multimodal_mlp_metrics.json,/root/autodl-fs/lyy/frozen_models/task_04_multimodal_mlp_metrics.json,261
